car_0.png,0
car_9566.png,0
car_43933.png,0
car_64122.png,0
car_23407.png,0
car_5054.png,0
car_3131.png,0
car_43250.png,0
car_40132.png,0
car_50249.png,0
car_42699.png,0
car_28623.png,0
car_17278.png,0
car_57206.png,0
car_10163.png,0
car_48167.png,0
car_40869.png,0
car_41049.png,0
car_11351.png,0
car_56474.png,1
car_51606.png,0
car_2779.png,0
car_52785.png,1
car_64565.png,0
car_5089.png,0
car_55365.png,0
car_45758.png,0
car_19773.png,0
car_44040.png,0
car_55428.png,0
car_32021.png,0
car_8259.png,1
car_49004.png,0
car_33053.png,0
car_40608.png,1
car_24357.png,0
car_1385.png,0
car_2673.png,0
car_18799.png,0
car_5055.png,0
car_10568.png,0
car_2585.png,0
car_11235.png,1
car_23878.png,0
car_44091.png,0
car_62607.png,0
car_57822.png,1
car_48739.png,0
car_55702.png,0
car_39569.png,0
car_26971.png,0
car_63755.png,1
car_13143.png,0
car_17970.png,0
car_26300.png,0
car_5923.png,0
car_64898.png,0
car_10043.png,0
car_45050.png,0
car_13242.png,0
car_19543.png,0
car_2915.png,0
car_60344.png,0
car_24065.png,0
car_10415.png,0
car_51514.png,0
car_32351.png,0
car_54351.png,0
car_14238.png,1
car_2849.png,0
car_18791.png,0
car_4715.png,1
car_34958.png,0
car_52531.png,0
car_24322.png,0
car_59617.png,0
car_45012.png,0
car_2783.png,0
car_44190.png,0
car_5082.png,1
car_21014.png,0
car_61908.png,0
car_10764.png,0
car_55326.png,0
car_59641.png,0
car_38434.png,0
car_14030.png,1
car_54576.png,0
car_57495.png,0
car_35122.png,0
car_62525.png,0
car_2485.png,0
car_20172.png,0
car_37653.png,0
car_59780.png,1
car_2034.png,0
car_64875.png,0
car_61714.png,0
car_63352.png,1
car_66273.png,1
car_51185.png,0
car_50617.png,0
car_59341.png,0
car_66692.png,0
car_46726.png,0
car_1478.png,0
car_55764.png,0
car_11034.png,0
car_27238.png,0
car_7527.png,0
car_44602.png,0
car_52879.png,0
car_29693.png,0
car_44988.png,0
car_822.png,0
car_50756.png,1
car_33473.png,0
car_43519.png,0
car_35735.png,0
car_33399.png,1
car_14918.png,1
car_50576.png,1
car_24103.png,0
car_66305.png,1
car_17851.png,0
car_66116.png,0
car_14231.png,1
car_64512.png,0
car_32175.png,0
car_50099.png,0
car_33503.png,0
car_31640.png,0
car_16766.png,1
car_29552.png,1
car_46511.png,0
car_36004.png,0
car_29608.png,0
car_62058.png,0
car_24983.png,0
car_2878.png,0
car_23382.png,0
car_16301.png,0
car_22506.png,0
car_42291.png,0
car_4807.png,0
car_52976.png,0
car_146.png,0
car_61284.png,0
car_5074.png,0
car_21512.png,1
car_63766.png,1
car_35985.png,0
car_1106.png,0
car_831.png,0
car_46445.png,0
car_15477.png,0
car_26815.png,1
car_49268.png,0
car_23737.png,1
car_33340.png,0
car_64910.png,0
car_5961.png,1
car_7107.png,0
car_29729.png,1
car_53940.png,0
car_278.png,1
car_45845.png,0
car_41472.png,0
car_30531.png,0
car_19684.png,0
car_20519.png,0
car_8635.png,0
car_46710.png,0
car_29525.png,0
car_12887.png,0
car_56417.png,0
car_5612.png,0
car_16495.png,1
car_18349.png,0
car_46386.png,0
car_45440.png,0
car_14275.png,1
car_40750.png,0
car_55073.png,0
car_12881.png,0
car_51932.png,0
car_58063.png,1
car_52454.png,0
car_21455.png,1
car_36522.png,0
car_58193.png,1
car_14940.png,0
car_62590.png,0
car_3849.png,0
car_61926.png,1
car_24628.png,1
car_42003.png,0
car_1061.png,0
car_3970.png,0
car_11383.png,0
car_5335.png,1
car_45798.png,0
car_1807.png,0
car_60670.png,0
car_8391.png,0
car_60900.png,0
car_23931.png,0
car_34165.png,0
car_20697.png,0
car_58952.png,0
car_25147.png,0
car_23950.png,0
car_64079.png,0
car_4043.png,0
car_66029.png,0
car_24856.png,0
car_29438.png,0
car_62432.png,0
car_5604.png,1
car_24175.png,0
car_711.png,0
car_58395.png,0
car_66114.png,0
car_17698.png,0
car_40682.png,1
car_50132.png,0
car_56496.png,0
car_43083.png,0
car_10546.png,0
car_8652.png,0
car_56503.png,1
car_6796.png,0
car_2700.png,0
car_58757.png,0
car_3360.png,0
car_55045.png,0
car_40852.png,1
car_6489.png,0
car_58702.png,0
car_47751.png,0
car_59717.png,0
car_4964.png,0
car_50973.png,0
car_9219.png,0
car_9762.png,0
car_58913.png,0
car_16091.png,0
car_28068.png,0
car_11038.png,0
car_40907.png,0
car_2691.png,0
car_3091.png,1
car_22481.png,1
car_35844.png,0
car_60634.png,0
car_11973.png,0
car_10307.png,0
car_14609.png,0
car_10267.png,0
car_18069.png,0
car_35325.png,0
car_47043.png,0
car_64632.png,0
car_25986.png,0
car_57728.png,0
car_50053.png,1
car_16807.png,0
car_3008.png,0
car_28815.png,0
car_32166.png,0
car_29168.png,0
car_44037.png,0
car_51171.png,0
car_2948.png,0
car_18733.png,0
car_4934.png,0
car_19011.png,0
car_64944.png,0
car_7014.png,0
car_32662.png,0
car_27867.png,1
car_23778.png,0
car_27317.png,1
car_5469.png,1
car_38535.png,0
car_36733.png,0
car_10382.png,0
car_15147.png,0
car_51093.png,0
car_4191.png,0
car_24084.png,0
car_26030.png,0
car_2126.png,0
car_13964.png,0
car_9732.png,0
car_43794.png,0
car_3804.png,0
car_1786.png,0
car_2099.png,0
car_62665.png,0
car_24620.png,1
car_9628.png,0
car_24317.png,0
car_64046.png,0
car_26668.png,0
car_169.png,0
car_46142.png,0
car_63631.png,1
car_57667.png,0
car_40716.png,1
car_11013.png,0
car_2987.png,1
car_7315.png,0
car_14574.png,0
car_37056.png,1
car_64925.png,0
car_58473.png,0
car_46166.png,0
car_28818.png,0
car_65475.png,0
car_45091.png,0
car_37858.png,0
car_61061.png,0
car_3092.png,0
car_32579.png,0
car_4448.png,1
car_33733.png,1
car_63385.png,1
car_58508.png,0
car_4414.png,1
car_53411.png,0
car_49957.png,0
car_55144.png,0
car_55978.png,0
car_61321.png,0
car_33374.png,0
car_62280.png,0
car_19158.png,1
car_9836.png,0
car_56057.png,0
car_20148.png,0
car_9795.png,0
car_61612.png,1
car_28891.png,0
car_38757.png,0
car_10963.png,0
car_51990.png,0
car_6900.png,0
car_8357.png,1
car_59635.png,0
car_16499.png,1
car_28145.png,0
car_25677.png,0
car_57223.png,0
car_21888.png,0
car_47010.png,0
car_39960.png,0
car_6751.png,1
car_31217.png,0
car_19832.png,0
car_43060.png,0
car_26937.png,0
car_54570.png,0
car_45971.png,1
car_58591.png,0
car_43207.png,0
car_3238.png,0
car_37203.png,0
car_12100.png,1
car_64096.png,1
car_7948.png,0
car_46100.png,1
car_33909.png,0
car_19911.png,1
car_43192.png,0
car_54886.png,0
car_18999.png,0
car_6999.png,0
car_64508.png,0
car_35500.png,0
car_57960.png,0
car_558.png,1
car_42387.png,0
car_57287.png,0
car_12433.png,0
car_1680.png,0
car_26639.png,0
car_59015.png,0
car_54600.png,0
car_28341.png,0
car_8755.png,0
car_31205.png,0
car_34875.png,0
car_38387.png,0
car_46510.png,1
car_3357.png,1
car_63927.png,0
car_46570.png,0
car_34308.png,0
car_13323.png,0
car_48479.png,0
car_43537.png,0
car_44428.png,0
car_48122.png,0
car_29024.png,0
car_63153.png,0
car_31183.png,0
car_32156.png,0
car_58278.png,0
car_61279.png,1
car_14190.png,0
car_14772.png,0
car_61031.png,1
car_40673.png,0
car_10299.png,0
car_38976.png,0
car_40592.png,0
car_1832.png,1
car_51355.png,0
car_61546.png,0
car_10058.png,1
car_65438.png,0
car_56944.png,0
car_58.png,1
car_50455.png,0
car_36152.png,0
car_26112.png,0
car_65500.png,0
car_16090.png,0
car_2288.png,0
car_26259.png,0
car_65669.png,0
car_36949.png,1
car_59317.png,0
car_63498.png,0
car_5381.png,1
car_29425.png,0
car_14744.png,0
car_3098.png,0
car_54251.png,0
car_14931.png,0
car_44206.png,0
car_28416.png,1
car_65268.png,1
car_63772.png,0
car_60369.png,0
car_66645.png,0
car_5735.png,0
car_43939.png,0
car_47481.png,0
car_7392.png,0
car_8133.png,0
car_23774.png,0
car_62495.png,0
car_12311.png,0
car_50978.png,1
car_2810.png,1
car_46926.png,0
car_3840.png,0
car_19045.png,0
car_27099.png,0
car_5575.png,1
car_11670.png,0
car_12139.png,0
car_65875.png,1
car_35699.png,0
car_54837.png,0
car_51304.png,0
car_60105.png,1
car_19982.png,1
car_813.png,1
car_9383.png,0
car_35268.png,0
car_53688.png,0
car_25854.png,0
car_28801.png,0
car_39834.png,0
car_65744.png,0
car_22187.png,1
car_16757.png,0
car_17479.png,0
car_36775.png,0
car_60866.png,1
car_8754.png,0
car_32796.png,0
car_37108.png,1
car_5267.png,0
car_29925.png,0
car_3319.png,0
car_64309.png,1
car_9230.png,0
car_17015.png,0
car_51159.png,0
car_10298.png,1
car_37068.png,0
car_35982.png,0
car_25137.png,1
car_65450.png,1
car_15677.png,0
car_3681.png,0
car_57041.png,0
car_16393.png,0
car_59621.png,0
car_280.png,1
car_57847.png,1
car_59302.png,0
car_55147.png,0
car_33143.png,1
car_6049.png,0
car_5211.png,0
car_6897.png,0
car_37877.png,0
car_28639.png,0
car_58499.png,1
car_45904.png,1
car_64034.png,0
car_36903.png,1
car_11362.png,0
car_61693.png,0
car_6669.png,0
car_56454.png,0
car_3016.png,1
car_11997.png,0
car_61511.png,1
car_24355.png,0
car_22336.png,1
car_61442.png,0
car_50715.png,1
car_49263.png,0
car_51275.png,0
car_36857.png,0
car_23759.png,1
car_23715.png,1
car_10604.png,0
car_8476.png,1
car_60378.png,1
car_19414.png,0
car_27663.png,0
car_34751.png,0
car_8613.png,0
car_7049.png,0
car_53119.png,0
car_106.png,1
car_28325.png,0
car_23831.png,0
car_23162.png,1
car_17741.png,0
car_13933.png,0
car_39487.png,0
car_29551.png,1
car_12413.png,0
car_60202.png,0
car_64256.png,0
car_41600.png,0
car_47042.png,0
car_1624.png,0
car_30015.png,0
car_5012.png,0
car_4376.png,0
car_18178.png,0
car_47212.png,0
car_27034.png,0
car_46269.png,0
car_17495.png,1
car_14856.png,0
car_63569.png,0
car_18814.png,0
car_16252.png,0
car_2368.png,1
car_28408.png,0
car_491.png,0
car_59812.png,1
car_47325.png,0
car_21041.png,1
car_17331.png,1
car_9254.png,1
car_24580.png,0
car_52431.png,0
car_10602.png,0
car_34688.png,0
car_21656.png,0
car_2814.png,0
car_23837.png,0
car_33759.png,1
car_16802.png,0
car_40576.png,0
car_59028.png,0
car_18371.png,0
car_37761.png,0
car_9026.png,0
car_7413.png,0
car_15301.png,0
car_36836.png,1
car_11472.png,0
car_1000.png,1
car_63297.png,0
car_56483.png,0
car_36397.png,0
car_51729.png,0
car_13487.png,0
car_12424.png,0
car_63213.png,0
car_30055.png,0
car_25690.png,0
car_28660.png,0
car_66599.png,1
car_64071.png,0
car_5043.png,0
car_16733.png,0
car_48758.png,0
car_49667.png,0
car_9774.png,0
car_1820.png,0
car_1759.png,0
car_35172.png,0
car_66169.png,0
car_41017.png,0
car_3890.png,0
car_44330.png,0
car_33416.png,0
car_14627.png,1
car_39859.png,0
car_41163.png,1
car_45956.png,0
car_24638.png,0
car_19220.png,0
car_61992.png,0
car_12118.png,0
car_20117.png,0
car_4673.png,0
car_53826.png,0
car_51927.png,0
car_61544.png,0
car_13666.png,0
car_18648.png,1
car_46833.png,0
car_32117.png,0
car_25912.png,0
car_28598.png,0
car_48877.png,0
car_63318.png,0
car_28718.png,0
car_41760.png,0
car_62229.png,0
car_65033.png,0
car_55350.png,0
car_5407.png,0
car_12117.png,1
car_15831.png,0
car_65740.png,0
car_54770.png,0
car_42214.png,0
car_1788.png,0
car_18633.png,1
car_51565.png,0
car_52845.png,1
car_61885.png,0
car_63331.png,1
car_31802.png,0
car_1479.png,1
car_14874.png,1
car_37996.png,0
car_58454.png,0
car_59929.png,0
car_53215.png,0
car_66085.png,0
car_11205.png,0
car_700.png,0
car_63888.png,1
car_24223.png,0
car_58645.png,0
car_43652.png,0
car_9480.png,0
car_59705.png,0
car_18603.png,1
car_3904.png,1
car_54444.png,0
car_18018.png,0
car_54269.png,0
car_41347.png,1
car_53912.png,0
car_41598.png,0
car_1114.png,0
car_15424.png,0
car_3680.png,0
car_8248.png,0
car_13682.png,0
car_28666.png,0
car_63936.png,0
car_23663.png,1
car_66124.png,0
car_12237.png,0
car_24522.png,0
car_62569.png,0
car_63705.png,1
car_8604.png,1
car_59911.png,0
car_64543.png,0
car_50406.png,0
car_33087.png,0
car_19931.png,1
car_50222.png,0
car_22538.png,1
car_51182.png,0
car_2151.png,0
car_5004.png,1
car_30837.png,0
car_17127.png,0
car_65589.png,0
car_48046.png,0
car_26928.png,0
car_50945.png,0
car_25204.png,0
car_14668.png,1
car_16750.png,0
car_31018.png,0
car_6883.png,0
car_27284.png,0
car_8533.png,0
car_7372.png,0
car_59738.png,1
car_64184.png,0
car_65396.png,0
car_27394.png,0
car_60517.png,0
car_18625.png,0
car_10479.png,1
car_981.png,1
car_55689.png,0
car_7717.png,0
car_56518.png,0
car_52193.png,0
car_8789.png,0
car_13588.png,0
car_5536.png,1
car_14193.png,0
car_12511.png,1
car_49035.png,1
car_63971.png,0
car_43946.png,0
car_60216.png,0
car_54587.png,0
car_13125.png,0
car_44379.png,0
car_15199.png,1
car_22780.png,1
car_16351.png,0
car_37824.png,0
car_154.png,0
car_3227.png,0
car_45047.png,1
car_46401.png,0
car_1475.png,0
car_59066.png,0
car_1606.png,1
car_37040.png,0
car_4717.png,0
car_17606.png,0
car_438.png,1
car_63305.png,1
car_36167.png,0
car_44048.png,0
car_40786.png,0
car_31069.png,0
car_42095.png,0
car_51529.png,0
car_36722.png,0
car_53848.png,0
car_47158.png,0
car_36138.png,0
car_305.png,1
car_63733.png,1
car_6643.png,0
car_15431.png,0
car_11570.png,0
car_40485.png,1
car_53891.png,0
car_40292.png,0
car_57679.png,0
car_7638.png,0
car_65343.png,0
car_8535.png,0
car_61461.png,0
car_28487.png,0
car_18757.png,0
car_46304.png,1
car_26402.png,1
car_26734.png,0
car_21746.png,0
car_52387.png,1
car_53752.png,0
car_24152.png,0
car_38686.png,0
car_47645.png,0
car_62724.png,0
car_21005.png,1
car_49686.png,1
car_9725.png,0
car_25769.png,0
car_55413.png,0
car_5433.png,1
car_33451.png,0
car_17007.png,0
car_3274.png,0
car_38656.png,0
car_22366.png,0
car_7293.png,1
car_63770.png,0
car_37602.png,0
car_29707.png,0
car_62906.png,1
car_23871.png,1
car_25753.png,0
car_20950.png,1
car_47657.png,0
car_6697.png,1
car_17994.png,0
car_29246.png,0
car_49208.png,0
car_545.png,1
car_14971.png,0
car_5293.png,0
car_43977.png,0
car_7732.png,0
car_66526.png,1
car_46860.png,0
car_43940.png,0
car_5164.png,0
car_35986.png,0
car_36965.png,0
car_9773.png,0
car_45347.png,0
car_35158.png,0
car_15432.png,0
car_49579.png,0
car_18040.png,0
car_5237.png,0
car_56926.png,0
car_21424.png,0
car_21028.png,0
car_33356.png,1
car_7519.png,0
car_40053.png,0
car_14563.png,0
car_11301.png,0
car_2714.png,0
car_33219.png,1
car_16465.png,0
car_8659.png,0
car_3592.png,1
car_20275.png,0
car_5034.png,1
car_55489.png,0
car_35960.png,0
car_2472.png,0
car_6913.png,0
car_46435.png,1
car_18506.png,1
car_25051.png,1
car_28615.png,1
car_63362.png,0
car_53930.png,0
car_14621.png,0
car_6171.png,0
car_593.png,1
car_46383.png,1
car_46798.png,0
car_19580.png,0
car_11871.png,0
car_34859.png,0
car_6370.png,1
car_11086.png,0
car_64879.png,0
car_23073.png,1
car_17753.png,0
car_5131.png,1
car_62478.png,0
car_8516.png,0
car_54391.png,0
car_36869.png,0
car_43997.png,0
car_52194.png,0
car_6931.png,0
car_61161.png,1
car_60844.png,0
car_15166.png,0
car_51094.png,0
car_32203.png,1
car_40088.png,0
car_38017.png,1
car_60263.png,0
car_13512.png,0
car_1402.png,0
car_14660.png,0
car_23557.png,0
car_66141.png,0
car_56714.png,0
car_5242.png,0
car_24861.png,0
car_147.png,0
car_36097.png,0
car_25976.png,0
car_33418.png,1
car_61095.png,0
car_19227.png,1
car_7689.png,0
car_26151.png,1
car_30723.png,0
car_35712.png,0
car_15351.png,1
car_63790.png,1
car_53213.png,1
car_61050.png,0
car_31118.png,0
car_554.png,1
car_10889.png,0
car_50212.png,0
car_63564.png,0
car_66490.png,1
car_3212.png,1
car_62256.png,0
car_42293.png,0
car_58345.png,0
car_33247.png,1
car_23753.png,0
car_61954.png,1
car_1770.png,0
car_57752.png,0
car_51082.png,0
car_58975.png,0
car_845.png,1
car_10749.png,0
car_14655.png,1
car_21878.png,0
car_20232.png,0
car_11989.png,1
car_28121.png,0
car_40614.png,0
car_55644.png,0
car_64767.png,0
car_66394.png,0
car_3626.png,0
car_22015.png,1
car_53263.png,0
car_14620.png,0
car_8300.png,0
car_64706.png,0
car_36196.png,0
car_7346.png,0
car_2982.png,1
car_33303.png,1
car_58664.png,0
car_707.png,0
car_36050.png,0
car_28521.png,0
car_55887.png,0
car_58364.png,0
car_60192.png,0
car_3995.png,0
car_4982.png,0
car_62230.png,0
car_2809.png,0
car_18509.png,1
car_36704.png,0
car_50753.png,1
car_25058.png,1
car_73.png,0
car_2198.png,0
car_57322.png,1
car_23975.png,0
car_45649.png,0
car_62221.png,0
car_24157.png,0
car_57304.png,1
car_40712.png,0
car_121.png,0
car_60420.png,0
car_722.png,0
car_41165.png,0
car_3676.png,1
car_54116.png,0
car_37188.png,0
car_13754.png,0
car_29775.png,1
car_6168.png,0
car_12543.png,0
car_48744.png,0
car_61407.png,0
car_10794.png,0
car_24412.png,1
car_58515.png,0
car_55217.png,0
car_23229.png,0
car_27425.png,0
car_16396.png,0
car_44093.png,0
car_15455.png,0
car_57621.png,0
car_24682.png,0
car_38330.png,1
car_1818.png,0
car_9145.png,0
car_40942.png,0
car_65703.png,0
car_62574.png,0
car_16510.png,0
car_9998.png,0
car_45389.png,0
car_15621.png,1
car_18582.png,0
car_13700.png,1
car_19093.png,0
car_60484.png,0
car_58141.png,0
car_59834.png,1
car_34278.png,0
car_36287.png,0
car_10910.png,0
car_46181.png,0
car_9218.png,0
car_58615.png,0
car_53674.png,0
car_64678.png,0
car_6760.png,0
car_53906.png,0
car_49176.png,0
car_47587.png,0
car_39817.png,0
car_19827.png,0
car_65461.png,0
car_55137.png,0
car_11770.png,0
car_61399.png,1
car_1477.png,1
car_50131.png,0
car_58125.png,0
car_29089.png,1
car_23519.png,1
car_53868.png,0
car_41622.png,0
car_66099.png,0
car_24287.png,1
car_5394.png,1
car_51249.png,0
car_18181.png,0
car_16907.png,0
car_38715.png,0
car_1840.png,0
car_57158.png,0
car_10572.png,1
car_8049.png,0
car_13701.png,0
car_64438.png,0
car_14135.png,0
car_33590.png,0
car_8216.png,0
car_39506.png,0
car_18428.png,0
car_8089.png,1
car_62918.png,0
car_38911.png,0
car_33313.png,1
car_13954.png,0
car_3224.png,0
car_56551.png,0
car_6255.png,0
car_35006.png,0
car_18692.png,1
car_25289.png,1
car_2544.png,0
car_17173.png,1
car_39144.png,0
car_31854.png,0
car_63392.png,0
car_4011.png,0
car_6341.png,1
car_46112.png,0
car_59606.png,0
car_9130.png,0
car_45252.png,0
car_16005.png,0
car_5919.png,1
car_3153.png,0
car_4211.png,0
car_60208.png,0
car_8991.png,0
car_45922.png,0
car_47065.png,0
car_53778.png,0
car_44222.png,1
car_17641.png,0
car_27030.png,0
car_8361.png,0
car_36976.png,1
car_38463.png,0
car_57115.png,0
car_57920.png,1
car_60052.png,1
car_36184.png,0
car_24342.png,0
car_63872.png,1
car_4983.png,0
car_50738.png,1
car_39875.png,0
car_59703.png,0
car_3142.png,0
car_24805.png,0
car_62163.png,0
car_37150.png,1
car_65457.png,0
car_28548.png,0
car_34468.png,0
car_58695.png,0
car_7582.png,0
car_66430.png,0
car_59444.png,0
car_14060.png,1
car_52517.png,0
car_17367.png,0
car_21707.png,1
car_2239.png,0
car_33877.png,1
car_44105.png,0
car_29048.png,0
car_50290.png,0
car_5694.png,0
car_35912.png,0
car_31362.png,1
car_11298.png,0
car_37720.png,1
car_45796.png,0
car_64266.png,0
car_49351.png,0
car_46471.png,0
car_42643.png,0
car_30599.png,0
car_3187.png,1
car_43688.png,0
car_54451.png,0
car_21410.png,1
car_10505.png,1
car_47494.png,0
car_58889.png,0
car_4776.png,0
car_41015.png,0
car_39276.png,0
car_7857.png,0
car_45991.png,0
car_62875.png,0
car_31075.png,0
car_52270.png,0
car_61452.png,1
car_32594.png,0
car_368.png,0
car_1491.png,0
car_23567.png,0
car_40624.png,1
car_63244.png,0
car_26109.png,0
car_28107.png,0
car_43689.png,0
car_60168.png,0
car_45348.png,0
car_33043.png,1
car_61262.png,1
car_19128.png,0
car_2025.png,0
car_25871.png,0
car_9072.png,0
car_46961.png,0
car_53613.png,0
car_17356.png,0
car_33820.png,0
car_38964.png,0
car_19870.png,0
car_6579.png,1
car_9666.png,0
car_58538.png,0
car_15293.png,0
car_62678.png,0
car_13025.png,0
car_63575.png,0
car_61774.png,0
car_10387.png,0
car_30823.png,0
car_44337.png,0
car_46099.png,0
car_37151.png,0
car_56954.png,0
car_18746.png,0
car_66057.png,0
car_7503.png,1
car_60914.png,0
car_4969.png,0
car_16521.png,0
car_59798.png,0
car_35571.png,0
car_42100.png,0
car_30165.png,1
car_33246.png,0
car_21619.png,1
car_43133.png,0
car_41412.png,0
car_4987.png,0
car_4169.png,0
car_672.png,1
car_34798.png,0
car_1922.png,1
car_428.png,0
car_33723.png,1
car_59762.png,0
car_441.png,1
car_33249.png,0
car_59864.png,0
car_42661.png,0
car_14277.png,1
car_37027.png,1
car_19511.png,0
car_63938.png,0
car_61883.png,0
car_58617.png,0
car_54271.png,0
car_2318.png,0
car_23242.png,0
car_36064.png,0
car_66512.png,0
car_34981.png,0
car_5811.png,0
car_11970.png,1
car_34174.png,0
car_26698.png,0
car_47699.png,0
car_4422.png,0
car_9005.png,1
car_36175.png,0
car_51346.png,0
car_23378.png,0
car_5436.png,0
car_2197.png,0
car_6596.png,0
car_10084.png,0
car_25139.png,0
car_38433.png,0
car_26593.png,0
car_52860.png,0
car_23433.png,1
car_65346.png,0
car_28491.png,0
car_27633.png,0
car_49258.png,0
car_65428.png,0
car_15361.png,0
car_34917.png,0
car_10038.png,1
car_24802.png,0
car_66561.png,1
car_52257.png,0
car_47349.png,0
car_20910.png,0
car_13708.png,0
car_55993.png,0
car_27520.png,0
car_37699.png,0
car_55570.png,0
car_12955.png,0
car_9779.png,1
car_23255.png,1
car_58585.png,1
car_66073.png,1
car_44198.png,0
car_27375.png,0
car_16029.png,0
car_6693.png,1
car_5590.png,0
car_51695.png,0
car_46006.png,0
car_55511.png,0
car_47026.png,0
car_26647.png,0
car_14022.png,1
car_19108.png,0
car_8428.png,1
car_54682.png,0
car_34618.png,1
car_23619.png,1
car_51484.png,0
car_66459.png,0
car_40816.png,1
car_62456.png,0
car_8553.png,0
car_41551.png,0
car_15597.png,0
car_52783.png,0
car_21248.png,0
car_22556.png,0
car_46076.png,0
car_14159.png,0
car_13466.png,0
car_61631.png,1
car_353.png,1
car_53202.png,1
car_63237.png,0
car_29278.png,0
car_42917.png,0
car_18602.png,0
car_11592.png,0
car_8537.png,0
car_1447.png,0
car_11489.png,0
car_35288.png,0
car_45866.png,0
car_31777.png,0
car_6723.png,0
car_27927.png,0
car_51052.png,0
car_34006.png,0
car_53995.png,0
car_37117.png,1
car_11380.png,0
car_9853.png,0
car_56941.png,0
car_34298.png,0
car_17969.png,0
car_55736.png,0
car_35626.png,0
car_8024.png,1
car_1580.png,0
car_9163.png,0
car_6296.png,0
car_23212.png,1
car_31818.png,0
car_44212.png,0
car_874.png,1
car_39651.png,0
car_37708.png,0
car_20769.png,0
car_30981.png,0
car_25010.png,1
car_5182.png,0
car_36790.png,0
car_9328.png,0
car_49981.png,0
car_24835.png,1
car_716.png,1
car_60198.png,0
car_53270.png,0
car_52725.png,0
car_25818.png,0
car_11064.png,0
car_39323.png,0
car_8324.png,1
car_32705.png,0
car_64578.png,1
car_31834.png,0
car_11644.png,0
car_29226.png,0
car_66126.png,0
car_23779.png,0
car_15038.png,0
car_62133.png,0
car_53933.png,0
car_40887.png,1
car_37731.png,0
car_60014.png,0
car_10370.png,0
car_9935.png,0
car_1669.png,1
car_63549.png,1
car_23534.png,1
car_43580.png,0
car_8122.png,1
car_57270.png,1
car_46538.png,0
car_28954.png,0
car_27295.png,0
car_12650.png,0
car_61542.png,0
car_9869.png,1
car_5415.png,1
car_560.png,0
car_25937.png,0
car_53807.png,0
car_3709.png,1
car_7491.png,0
car_41474.png,0
car_56520.png,0
car_20484.png,1
car_7773.png,1
car_37735.png,0
car_14468.png,0
car_9074.png,1
car_42777.png,0
car_10197.png,1
car_18670.png,0
car_9457.png,0
car_23042.png,1
car_3977.png,0
car_13793.png,0
car_3161.png,0
car_30334.png,0
car_40699.png,1
car_461.png,0
car_10432.png,1
car_57931.png,0
car_36625.png,0
car_10599.png,0
car_47652.png,0
car_19140.png,0
car_8728.png,1
car_13049.png,0
car_36814.png,0
car_49542.png,1
car_53782.png,0
car_436.png,0
car_39490.png,0
car_2799.png,0
car_40490.png,1
car_46452.png,0
car_14910.png,1
car_58457.png,1
car_16891.png,0
car_19747.png,0
car_31595.png,0
car_14749.png,0
car_2737.png,0
car_57869.png,1
car_11318.png,0
car_46251.png,1
car_17592.png,0
car_61446.png,0
car_52437.png,0
car_60409.png,0
car_10731.png,0
car_42456.png,0
car_39476.png,0
car_27841.png,1
car_19774.png,0
car_45843.png,0
car_12998.png,0
car_52809.png,1
car_46200.png,1
car_43111.png,0
car_61324.png,0
car_64982.png,0
car_46637.png,0
car_37273.png,0
car_36153.png,0
car_40987.png,0
car_33373.png,0
car_49266.png,0
car_26834.png,0
car_35990.png,0
car_46396.png,0
car_50472.png,0
car_45092.png,0
car_35315.png,0
car_26340.png,0
car_9548.png,0
car_58592.png,1
car_22446.png,0
car_64278.png,1
car_9106.png,0
car_3232.png,0
car_1158.png,0
car_31578.png,0
car_38546.png,0
car_16322.png,0
car_5051.png,1
car_44129.png,0
car_14766.png,0
car_36996.png,1
car_12178.png,1
car_45195.png,0
car_32183.png,0
car_6664.png,0
car_23054.png,1
car_38183.png,0
car_19083.png,0
car_20916.png,0
car_48916.png,0
car_8474.png,0
car_9041.png,0
car_63419.png,1
car_21296.png,0
car_42178.png,0
car_43669.png,0
car_8746.png,0
car_37239.png,1
car_36600.png,0
car_47678.png,0
car_4005.png,1
car_30668.png,0
car_264.png,1
car_58832.png,0
car_34478.png,0
car_5009.png,0
car_9110.png,1
car_18796.png,1
car_30815.png,0
car_22172.png,0
car_8943.png,1
car_46608.png,1
car_1414.png,0
car_33201.png,1
car_33479.png,0
car_55603.png,0
car_51824.png,0
car_35526.png,1
car_9780.png,0
car_41917.png,0
car_17829.png,0
car_33289.png,0
car_54840.png,0
car_13876.png,0
car_21016.png,1
car_38226.png,0
car_17529.png,0
car_38719.png,0
car_694.png,0
car_17776.png,0
car_39207.png,0
car_24307.png,1
car_61263.png,1
car_66562.png,1
car_36974.png,0
car_62723.png,0
car_48851.png,0
car_36786.png,0
car_36034.png,0
car_31421.png,0
car_26283.png,0
car_41929.png,0
car_41577.png,0
car_15139.png,0
car_56072.png,0
car_6743.png,0
car_37647.png,1
car_59270.png,0
car_20316.png,0
car_46366.png,1
car_28956.png,1
car_20508.png,1
car_56094.png,0
car_57575.png,0
car_21894.png,1
car_57588.png,0
car_11428.png,1
car_20806.png,1
car_40438.png,0
car_14649.png,1
car_58488.png,0
car_8121.png,1
car_22208.png,1
car_8972.png,0
car_62042.png,0
car_20323.png,0
car_50269.png,1
car_56889.png,1
car_37826.png,0
car_34055.png,0
car_44814.png,0
car_47730.png,0
car_50478.png,1
car_62694.png,0
car_7075.png,0
car_58654.png,0
car_5215.png,0
car_19152.png,1
car_26203.png,0
car_25837.png,0
car_903.png,0
car_33295.png,1
car_52986.png,0
car_3548.png,0
car_39225.png,0
car_11397.png,1
car_24354.png,0
car_45378.png,0
car_42546.png,0
car_30996.png,0
car_13038.png,0
car_2687.png,0
car_45724.png,0
car_20041.png,1
car_8687.png,0
car_63810.png,1
car_6454.png,1
car_35044.png,0
car_20656.png,0
car_60142.png,0
car_13469.png,1
car_61818.png,0
car_7055.png,0
car_10383.png,0
car_50953.png,0
car_56416.png,1
car_21541.png,0
car_36534.png,0
car_63792.png,1
car_31749.png,0
car_61242.png,1
car_6891.png,0
car_28835.png,0
car_19142.png,0
car_51719.png,0
car_5344.png,0
car_43081.png,0
car_63948.png,0
car_47724.png,0
car_4406.png,0
car_25263.png,1
car_64084.png,0
car_6679.png,0
car_40444.png,0
car_53626.png,1
car_15211.png,1
car_65481.png,0
car_34699.png,1
car_61889.png,0
car_48815.png,0
car_14014.png,0
car_26669.png,0
car_46602.png,0
car_27588.png,1
car_2167.png,1
car_29149.png,0
car_781.png,0
car_46431.png,0
car_12132.png,1
car_30576.png,1
car_10490.png,0
car_25913.png,0
car_53693.png,1
car_66362.png,0
car_58262.png,0
car_26001.png,0
car_33686.png,0
car_50479.png,0
car_1805.png,0
car_53673.png,1
car_28313.png,0
car_62411.png,0
car_34048.png,0
car_7384.png,0
car_35533.png,0
car_24512.png,0
car_114.png,0
car_49767.png,0
car_14258.png,0
car_9961.png,0
car_57839.png,1
car_18677.png,0
car_4241.png,0
car_66166.png,0
car_43062.png,0
car_17054.png,1
car_36837.png,0
car_60256.png,0
car_50600.png,0
car_9095.png,0
car_50611.png,0
car_15349.png,0
car_63614.png,0
car_41253.png,0
car_14271.png,0
car_8186.png,1
car_2716.png,1
car_25736.png,1
car_4766.png,0
car_16928.png,0
car_11335.png,1
car_63574.png,1
car_59063.png,0
car_40453.png,0
car_22148.png,1
car_11981.png,1
car_32749.png,0
car_31701.png,0
car_57804.png,0
car_9742.png,0
car_28289.png,0
car_33392.png,0
car_46739.png,0
car_7060.png,0
car_41640.png,0
car_659.png,1
car_45696.png,0
car_46283.png,1
car_15577.png,0
car_35479.png,0
car_27216.png,0
car_38887.png,0
car_8493.png,0
car_38358.png,0
car_49280.png,0
car_10178.png,1
car_23480.png,1
car_8019.png,0
car_55306.png,0
car_5511.png,0
car_28125.png,0
car_43672.png,0
car_52756.png,0
car_32548.png,1
car_44515.png,0
car_21396.png,1
car_62262.png,0
car_14800.png,1
car_5353.png,1
car_5981.png,1
car_8591.png,0
car_3018.png,1
car_49296.png,0
car_61376.png,0
car_25466.png,0
car_46792.png,1
car_36559.png,0
car_34623.png,0
car_17216.png,1
car_37994.png,1
car_2377.png,1
car_57975.png,1
car_4760.png,1
car_31389.png,0
car_8923.png,0
car_66741.png,0
car_5705.png,0
car_60158.png,0
car_13531.png,0
car_40986.png,0
car_37591.png,0
car_18988.png,0
car_42277.png,0
car_8876.png,0
car_38117.png,0
car_7973.png,0
car_32161.png,0
car_65818.png,0
car_37862.png,0
car_58124.png,1
car_5302.png,0
car_62039.png,0
car_61414.png,1
car_32410.png,0
car_64368.png,0
car_45888.png,1
car_49805.png,0
car_56379.png,0
car_17791.png,0
car_54083.png,0
car_26786.png,1
car_15473.png,0
car_42516.png,0
car_4881.png,1
car_18268.png,0
car_55629.png,0
car_55109.png,0
car_25917.png,0
car_58468.png,0
car_23429.png,0
car_34559.png,0
car_32983.png,0
car_52698.png,0
car_63462.png,0
car_27416.png,1
car_51325.png,0
car_14356.png,0
car_37370.png,0
car_42646.png,0
car_32546.png,0
car_8110.png,1
car_5087.png,0
car_34762.png,0
car_22871.png,0
car_64515.png,0
car_26027.png,0
car_51560.png,0
car_27415.png,0
car_7129.png,0
car_31822.png,0
car_11962.png,0
car_15452.png,0
car_43530.png,0
car_41584.png,0
car_23223.png,1
car_8883.png,0
car_19362.png,1
car_66607.png,0
car_49153.png,0
car_61648.png,0
car_42254.png,0
car_34469.png,1
car_61103.png,0
car_49924.png,0
car_63893.png,0
car_60298.png,0
car_40414.png,0
car_66254.png,1
car_46148.png,0
car_15897.png,0
car_1987.png,1
car_13699.png,0
car_38292.png,0
car_48728.png,0
car_33293.png,1
car_60592.png,0
car_27601.png,1
car_28038.png,0
car_15800.png,0
car_30381.png,0
car_2902.png,0
car_26375.png,1
car_54416.png,0
car_1597.png,1
car_13164.png,0
car_664.png,1
car_14696.png,0
car_22414.png,0
car_31159.png,0
car_3871.png,1
car_14697.png,1
car_57178.png,0
car_35255.png,0
car_50605.png,0
car_47102.png,0
car_16238.png,0
car_24498.png,0
car_33128.png,0
car_33724.png,0
car_16784.png,0
car_31056.png,0
car_40392.png,0
car_46992.png,0
car_13154.png,0
car_3729.png,1
car_1494.png,0
car_24031.png,0
car_3455.png,1
car_25441.png,0
car_9761.png,0
car_56533.png,0
car_52572.png,1
car_31231.png,0
car_54183.png,0
car_5002.png,0
car_736.png,0
car_59411.png,0
car_9391.png,0
car_1704.png,0
car_43704.png,0
car_32059.png,0
car_13815.png,0
car_7437.png,0
car_17083.png,1
car_733.png,0
car_36950.png,0
car_28458.png,0
car_15017.png,1
car_63503.png,1
car_51896.png,0
car_21612.png,1
car_53429.png,0
car_8651.png,0
car_13467.png,1
car_52261.png,0
car_40636.png,0
car_14152.png,0
car_44806.png,0
car_16131.png,0
car_57507.png,1
car_5822.png,0
car_3440.png,0
car_9305.png,0
car_3045.png,1
car_46489.png,0
car_7409.png,1
car_6966.png,0
car_34730.png,0
car_10072.png,0
car_50251.png,0
car_65910.png,1
car_11031.png,0
car_45579.png,0
car_1607.png,1
car_2476.png,0
car_46030.png,0
car_46748.png,0
car_6344.png,0
car_28334.png,0
car_5116.png,0
car_22005.png,0
car_16404.png,0
car_9097.png,0
car_39638.png,0
car_17961.png,1
car_5789.png,0
car_10287.png,1
car_57087.png,0
car_61307.png,0
car_43093.png,0
car_42482.png,0
car_4669.png,0
car_25824.png,0
car_39949.png,0
car_51559.png,0
car_3031.png,0
car_41846.png,0
car_65134.png,0
car_21085.png,0
car_43266.png,0
car_18758.png,0
car_48394.png,0
car_65459.png,0
car_63510.png,1
car_25148.png,0
car_26779.png,0
car_8596.png,1
car_57134.png,0
car_26792.png,0
car_51133.png,0
car_57592.png,1
car_833.png,1
car_65425.png,1
car_40626.png,0
car_18450.png,0
car_25861.png,0
car_10166.png,0
car_44580.png,0
car_54607.png,0
car_9894.png,0
car_4334.png,1
car_63451.png,0
car_60356.png,1
car_66214.png,0
car_16662.png,0
car_27586.png,0
car_321.png,0
car_19054.png,1
car_19792.png,0
car_9531.png,0
car_20354.png,1
car_9360.png,0
car_3176.png,1
car_19985.png,0
car_36990.png,1
car_63561.png,1
car_60038.png,0
car_28605.png,1
car_64712.png,0
car_62667.png,0
car_63815.png,0
car_23537.png,1
car_35640.png,0
car_1237.png,1
car_11928.png,0
car_2020.png,0
car_43969.png,0
car_34817.png,0
car_41965.png,0
car_38403.png,0
car_10697.png,0
car_38026.png,0
car_40695.png,0
car_54602.png,0
car_2978.png,0
car_50430.png,0
car_50274.png,0
car_35506.png,0
car_48960.png,0
car_5286.png,0
car_50742.png,0
car_13318.png,0
car_3781.png,1
car_57335.png,0
car_30396.png,1
car_6736.png,0
car_324.png,0
car_18094.png,0
car_40480.png,0
car_31341.png,0
car_48472.png,0
car_12495.png,0
car_20305.png,0
car_49615.png,0
car_65365.png,0
car_28060.png,0
car_23303.png,0
car_36608.png,0
car_40746.png,0
car_15208.png,0
car_4783.png,0
car_19178.png,1
car_57346.png,1
car_40185.png,0
car_57225.png,0
car_71.png,1
car_32250.png,0
car_45123.png,0
car_24017.png,0
car_46775.png,1
car_36170.png,0
car_15365.png,0
car_29303.png,0
car_27201.png,0
car_15706.png,0
car_27742.png,0
car_52713.png,0
car_5123.png,0
car_12223.png,1
car_61107.png,0
car_37695.png,0
car_22963.png,1
car_60141.png,1
car_46679.png,0
car_11055.png,0
car_34646.png,0
car_33308.png,1
car_2601.png,1
car_12721.png,0
car_16407.png,0
car_62829.png,0
car_24891.png,0
car_13257.png,0
car_9410.png,0
car_30273.png,0
car_10703.png,0
car_47372.png,0
car_32084.png,0
car_24721.png,0
car_22420.png,0
car_35452.png,0
car_10478.png,1
car_1369.png,0
car_60872.png,0
car_53297.png,0
car_39258.png,0
car_64447.png,0
car_58465.png,0
car_59008.png,0
car_21734.png,1
car_16511.png,1
car_49633.png,0
car_21015.png,1
car_43988.png,0
car_25900.png,1
car_51469.png,0
car_20862.png,0
car_62679.png,0
car_65626.png,0
car_9570.png,1
car_60581.png,0
car_33857.png,0
car_40665.png,1
car_52787.png,0
car_56946.png,0
car_61801.png,1
car_18938.png,1
car_64968.png,0
car_27859.png,1
car_36030.png,0
car_31638.png,0
car_4129.png,0
car_30188.png,0
car_25848.png,1
car_11545.png,0
car_31199.png,0
car_49832.png,0
car_13806.png,0
car_61415.png,0
car_17100.png,0
car_53225.png,0
car_30512.png,1
car_61765.png,0
car_24343.png,1
car_2692.png,0
car_64682.png,0
car_36203.png,0
car_58480.png,0
car_45826.png,0
car_35097.png,0
car_23815.png,0
car_58275.png,0
car_42156.png,0
car_61187.png,0
car_10327.png,0
car_53117.png,1
car_63415.png,1
car_56323.png,1
car_38301.png,0
car_28010.png,0
car_47534.png,0
car_26301.png,0
car_13602.png,0
car_40194.png,0
car_36188.png,0
car_9127.png,1
car_56553.png,0
car_63845.png,1
car_65907.png,0
car_32717.png,0
car_13561.png,1
car_13168.png,0
car_39241.png,0
car_33358.png,1
car_16995.png,0
car_57468.png,0
car_13150.png,0
car_9090.png,0
car_17840.png,0
car_62656.png,0
car_8572.png,0
car_52401.png,0
car_15444.png,0
car_18878.png,0
car_42834.png,0
car_53313.png,0
car_48338.png,0
car_42324.png,0
car_33945.png,0
car_44144.png,1
car_30367.png,0
car_19206.png,0
car_4569.png,0
car_50578.png,0
car_14607.png,0
car_63801.png,0
car_9861.png,1
car_56845.png,0
car_21098.png,0
car_1518.png,1
car_26437.png,0
car_4429.png,0
car_30068.png,0
car_13543.png,0
car_28465.png,0
car_63423.png,0
car_31143.png,0
car_23208.png,1
car_42323.png,0
car_8772.png,0
car_15853.png,1
car_24913.png,0
car_8891.png,0
car_9341.png,0
car_53963.png,0
car_39988.png,0
car_13459.png,1
car_40749.png,1
car_62815.png,0
car_59394.png,0
car_27549.png,0
car_7251.png,0
car_62730.png,0
car_55606.png,0
car_55464.png,0
car_32346.png,0
car_9554.png,1
car_59961.png,1
car_19808.png,0
car_25833.png,1
car_66184.png,1
car_38523.png,0
car_17079.png,0
car_8727.png,1
car_12320.png,0
car_5417.png,1
car_3403.png,0
car_37074.png,0
car_30877.png,0
car_60446.png,0
car_9636.png,0
car_24274.png,0
car_2163.png,0
car_29083.png,0
car_8773.png,0
car_61859.png,1
car_7866.png,0
car_63822.png,0
car_63062.png,0
car_66698.png,0
car_30917.png,0
car_61613.png,0
car_31530.png,0
car_24378.png,0
car_66815.png,0
car_24198.png,0
car_9342.png,1
car_966.png,1
car_53945.png,0
car_12109.png,0
car_8450.png,0
car_5399.png,0
car_39796.png,0
car_7287.png,0
car_23504.png,0
car_64713.png,0
car_27763.png,0
car_16346.png,0
car_11172.png,0
car_12473.png,0
car_26463.png,0
car_21491.png,0
car_21102.png,0
car_11330.png,1
car_16983.png,0
car_7656.png,0
car_34814.png,0
car_1487.png,0
car_15047.png,0
car_2648.png,1
car_30992.png,0
car_44569.png,0
car_33756.png,1
car_51792.png,0
car_28822.png,0
car_42669.png,0
car_1712.png,0
car_3527.png,1
car_51549.png,0
car_52087.png,0
car_4423.png,0
car_28136.png,0
car_17772.png,0
car_3629.png,1
car_45278.png,0
car_36235.png,0
car_57845.png,0
car_21415.png,0
car_32395.png,0
car_5036.png,0
car_11255.png,1
car_28124.png,0
car_8860.png,0
car_8455.png,1
car_47958.png,0
car_60861.png,1
car_5272.png,0
car_31725.png,0
