car_10667.png,1
car_7168.png,1
car_65129.png,0
car_45905.png,0
car_38472.png,0
car_63652.png,0
car_34594.png,0
car_50156.png,1
car_13899.png,0
car_10512.png,1
car_40153.png,1
car_33811.png,0
car_60990.png,0
car_65367.png,0
car_39875.png,0
car_46536.png,0
car_64416.png,1
car_51775.png,0
car_39025.png,0
car_11206.png,0
car_16995.png,0
car_58583.png,1
car_4214.png,0
car_44241.png,1
car_53778.png,0
car_66825.png,0
car_27105.png,0
car_33262.png,0
car_46201.png,0
car_43036.png,0
car_55588.png,0
car_30564.png,1
car_50709.png,1
car_32071.png,0
car_35913.png,0
car_38507.png,0
car_3393.png,1
car_18044.png,0
car_54137.png,0
car_53338.png,0
car_14438.png,1
car_57882.png,1
car_35887.png,0
car_17090.png,1
car_65783.png,1
car_7413.png,0
car_12109.png,0
car_3615.png,1
car_39206.png,0
car_53497.png,0
car_57434.png,0
car_63819.png,0
car_9108.png,0
car_56323.png,1
car_5317.png,1
car_1118.png,0
car_28110.png,0
car_38568.png,0
car_60482.png,1
car_41713.png,0
car_60206.png,1
car_16703.png,0
car_51719.png,0
car_2750.png,0
car_64858.png,0
car_47624.png,0
car_28957.png,1
car_62150.png,0
car_9596.png,0
car_55603.png,0
car_55000.png,0
car_39332.png,0
car_63132.png,1
car_65310.png,1
car_8653.png,0
car_45826.png,0
car_39293.png,0
car_61763.png,1
car_45463.png,0
car_2845.png,0
car_1587.png,0
car_46258.png,0
car_38229.png,0
car_38662.png,0
car_1204.png,1
car_66359.png,0
car_62509.png,0
car_44903.png,0
car_64758.png,0
car_33554.png,0
car_17678.png,0
car_66100.png,0
car_3828.png,0
car_44375.png,1
car_18389.png,0
car_27290.png,1
car_31854.png,0
car_61647.png,0
car_46401.png,1
car_41736.png,0
car_9019.png,0
car_28240.png,0
car_24645.png,1
car_28705.png,0
car_65110.png,1
car_13379.png,0
car_30204.png,0
car_30607.png,0
car_14404.png,0
car_9005.png,1
car_1875.png,0
car_7524.png,0
car_53362.png,0
car_51028.png,0
car_54275.png,0
car_50513.png,0
car_1158.png,1
car_36095.png,0
car_28127.png,0
car_41647.png,0
car_19755.png,1
car_42387.png,0
car_31624.png,0
car_19678.png,0
car_11937.png,0
car_34882.png,0
car_51479.png,0
car_36702.png,0
car_7206.png,0
car_62256.png,0
car_3003.png,1
car_45883.png,1
car_483.png,1
car_50150.png,1
car_27144.png,0
car_2739.png,0
car_48741.png,0
car_14916.png,1
car_37715.png,1
car_63797.png,0
car_8916.png,0
car_42587.png,0
car_21563.png,0
car_6143.png,1
car_9683.png,0
car_42224.png,0
car_21659.png,1
car_47652.png,0
car_33323.png,0
car_13462.png,1
car_37098.png,0
car_25368.png,1
car_30072.png,0
car_17241.png,1
car_10285.png,0
car_29991.png,0
car_66111.png,0
car_29418.png,1
car_36904.png,1
car_490.png,0
car_6087.png,0
car_58998.png,0
car_17672.png,0
car_1904.png,0
car_5536.png,1
car_20359.png,0
car_37447.png,0
car_64462.png,0
car_6668.png,0
car_27859.png,1
car_28731.png,0
car_20549.png,0
car_52110.png,0
car_29808.png,0
car_45440.png,0
car_26414.png,0
car_26780.png,0
car_23726.png,1
car_64081.png,0
car_52897.png,0
car_42237.png,0
car_35864.png,0
car_32727.png,0
car_16622.png,1
car_468.png,0
car_9475.png,1
car_21085.png,0
car_63337.png,0
car_33442.png,0
car_54453.png,0
car_63575.png,0
car_44589.png,0
car_63302.png,1
car_10141.png,1
car_16675.png,1
car_7653.png,0
car_6927.png,0
car_852.png,1
car_6696.png,1
car_54677.png,0
car_5121.png,1
car_40631.png,0
car_37272.png,0
car_50742.png,0
car_28573.png,0
car_48449.png,0
car_42815.png,0
car_48902.png,0
car_27005.png,0
car_38079.png,0
car_24135.png,0
car_6315.png,0
car_49514.png,0
car_44504.png,1
car_34863.png,0
car_29906.png,0
car_53883.png,1
car_2175.png,1
car_33708.png,0
car_57919.png,1
car_4488.png,0
car_21503.png,0
car_11178.png,0
car_36272.png,0
car_28025.png,1
car_37513.png,0
car_53091.png,0
car_7145.png,0
car_63222.png,0
car_64395.png,0
car_2895.png,1
car_61360.png,1
car_66899.png,1
car_35587.png,0
car_52592.png,0
car_57992.png,0
car_36549.png,0
car_20986.png,0
car_18240.png,1
car_16067.png,0
car_18427.png,0
car_31087.png,0
car_33569.png,1
car_38749.png,0
car_54906.png,0
car_62524.png,0
car_39779.png,0
car_26795.png,1
car_22975.png,0
car_17366.png,0
car_12975.png,0
car_158.png,0
car_3816.png,1
car_2777.png,0
car_24237.png,0
car_34958.png,0
car_19789.png,0
car_65754.png,1
car_38623.png,0
car_65336.png,0
car_41391.png,1
car_55998.png,0
car_2921.png,0
car_41398.png,0
car_1007.png,1
car_36744.png,0
car_60530.png,0
car_1315.png,0
car_12837.png,0
car_11992.png,0
car_8224.png,1
car_25380.png,0
car_395.png,0
car_12441.png,0
car_65187.png,0
car_53436.png,1
car_6989.png,1
car_28384.png,0
car_2249.png,0
car_11731.png,1
car_32328.png,0
car_4516.png,0
car_24710.png,1
car_59686.png,1
car_50752.png,1
car_37911.png,0
car_4406.png,0
car_42236.png,0
car_13023.png,0
car_38442.png,0
car_22147.png,0
car_26259.png,0
car_65347.png,1
car_66630.png,1
car_18689.png,1
car_9561.png,0
car_1634.png,0
car_51482.png,0
car_47087.png,0
car_31423.png,0
car_40270.png,0
car_16920.png,1
car_64190.png,0
car_36385.png,1
car_24188.png,0
car_48245.png,0
car_4056.png,0
car_64197.png,0
car_24238.png,0
car_44814.png,0
car_66501.png,1
car_14080.png,1
car_65615.png,0
car_9309.png,0
car_31421.png,0
car_49845.png,0
car_20627.png,0
car_47744.png,0
car_10488.png,0
car_18707.png,0
car_9172.png,0
car_12085.png,1
car_13157.png,1
car_46452.png,0
car_53941.png,0
car_48828.png,0
car_23104.png,1
car_57615.png,0
car_59548.png,0
car_45389.png,0
car_65902.png,0
car_45038.png,1
car_62768.png,1
car_1710.png,0
car_16714.png,0
car_49141.png,0
car_3719.png,0
car_27762.png,0
car_21069.png,0
car_44170.png,0
car_26975.png,0
car_46887.png,0
car_22284.png,0
car_19915.png,0
car_26434.png,1
car_10070.png,1
car_18071.png,0
car_10690.png,0
car_47532.png,0
car_13421.png,1
car_14787.png,1
car_40134.png,0
car_64339.png,1
car_8392.png,1
car_28640.png,0
car_56137.png,1
car_11439.png,0
car_56198.png,0
car_21612.png,1
car_35912.png,0
car_40650.png,0
car_62345.png,0
car_34912.png,0
car_13330.png,0
car_5978.png,0
car_48829.png,0
car_7638.png,0
car_65039.png,0
car_62087.png,0
car_41993.png,0
car_55352.png,0
car_58337.png,1
car_4092.png,0
car_46738.png,0
car_28278.png,0
car_533.png,0
car_36570.png,0
car_26089.png,0
car_5982.png,0
car_65591.png,0
car_45043.png,0
car_57620.png,0
car_60814.png,0
car_55988.png,1
car_64565.png,0
car_62580.png,0
car_26300.png,0
car_57138.png,0
car_7279.png,0
car_12971.png,1
car_58238.png,0
car_4951.png,1
car_36175.png,0
car_21902.png,0
car_8365.png,1
car_41902.png,0
car_31494.png,0
car_44213.png,1
car_13663.png,0
car_23401.png,0
car_10925.png,0
car_8754.png,1
car_17067.png,0
car_47013.png,0
car_36197.png,0
car_27034.png,0
car_48077.png,0
car_33348.png,0
car_45798.png,0
car_22867.png,0
car_27910.png,1
car_40297.png,0
car_32665.png,1
car_16978.png,0
car_28599.png,0
car_6129.png,0
car_29110.png,0
car_7232.png,0
car_19997.png,0
car_17816.png,0
car_33621.png,1
car_26463.png,0
car_24765.png,0
car_2770.png,0
car_41579.png,0
car_66353.png,1
car_9408.png,0
car_10774.png,0
car_2001.png,0
car_58499.png,1
car_31246.png,0
car_11899.png,0
car_6736.png,0
car_43270.png,0
car_40655.png,1
car_52594.png,1
car_32622.png,0
car_61282.png,0
car_40412.png,0
car_18016.png,0
car_8906.png,0
car_51425.png,0
car_51388.png,0
car_60158.png,0
car_203.png,1
car_62296.png,0
car_10542.png,0
car_7020.png,0
car_65651.png,1
car_63754.png,0
car_61668.png,0
car_55319.png,0
car_28487.png,0
car_26813.png,0
car_36277.png,0
car_13170.png,0
car_64691.png,0
car_8541.png,0
car_47295.png,0
car_65378.png,0
car_32326.png,1
car_38301.png,0
car_18809.png,0
car_33122.png,1
car_5102.png,0
car_6743.png,0
car_41630.png,0
car_36167.png,0
car_9035.png,0
car_63216.png,0
car_38010.png,0
car_51802.png,0
car_11483.png,0
car_8667.png,1
car_1372.png,1
car_4783.png,0
car_20994.png,1
car_59555.png,0
car_184.png,0
car_65967.png,1
car_63669.png,1
car_26486.png,1
car_6649.png,0
car_3284.png,0
car_19850.png,0
car_7997.png,0
car_44289.png,0
car_48244.png,0
car_56187.png,0
car_18283.png,1
car_56744.png,0
car_61351.png,0
car_27638.png,1
car_49245.png,0
car_66333.png,1
car_55578.png,0
car_10109.png,0
car_60012.png,0
car_3278.png,0
car_62840.png,0
car_15230.png,0
car_8809.png,1
car_32167.png,0
car_7566.png,1
car_34515.png,0
car_54602.png,0
car_39835.png,0
car_26282.png,0
car_37015.png,1
car_30807.png,0
car_37805.png,1
car_21491.png,0
car_10930.png,0
car_62714.png,0
car_59122.png,0
car_57729.png,0
car_4191.png,0
car_13127.png,0
car_24271.png,0
car_6971.png,0
car_4424.png,1
car_10429.png,1
car_46015.png,0
car_12634.png,0
car_53959.png,0
car_1616.png,1
car_47718.png,0
car_54298.png,0
car_25875.png,0
car_31863.png,0
car_66310.png,0
car_27938.png,0
car_29107.png,0
car_32101.png,0
car_66648.png,0
car_56751.png,0
car_45843.png,0
car_60116.png,1
car_56946.png,0
car_35640.png,0
car_44348.png,0
car_39713.png,0
car_36830.png,0
car_26796.png,0
car_65031.png,1
car_57784.png,0
car_8153.png,0
car_1088.png,0
car_64435.png,0
car_46854.png,0
car_22770.png,1
car_2017.png,0
car_54654.png,0
car_62981.png,0
car_33288.png,0
car_14861.png,0
car_65332.png,1
car_35506.png,0
car_9180.png,0
car_20155.png,0
car_4478.png,0
car_48137.png,0
car_65807.png,0
car_64661.png,0
car_10446.png,0
car_11015.png,0
car_66755.png,0
car_981.png,1
car_66577.png,1
car_488.png,1
car_39899.png,0
car_10035.png,1
car_38358.png,0
car_11755.png,0
car_39935.png,0
car_61930.png,0
car_64181.png,1
car_65500.png,0
car_15166.png,0
car_6148.png,0
car_7833.png,1
car_62125.png,0
car_35295.png,0
car_37793.png,0
car_12448.png,0
car_58154.png,0
car_51461.png,0
car_1302.png,1
car_13074.png,0
car_20110.png,0
car_33463.png,0
car_34652.png,0
car_31138.png,0
car_36293.png,0
car_47940.png,0
car_27250.png,1
car_5590.png,1
car_43746.png,0
car_23217.png,1
car_16817.png,0
car_57066.png,0
car_51396.png,0
car_50430.png,0
car_63297.png,0
car_9065.png,1
car_56454.png,0
car_23126.png,1
car_4761.png,1
car_2775.png,1
car_25729.png,0
car_60179.png,0
car_15817.png,0
car_22329.png,1
car_63251.png,0
car_25917.png,0
car_40560.png,0
car_7773.png,1
car_24485.png,0
car_9764.png,0
car_12512.png,0
car_42315.png,0
car_18433.png,0
car_47350.png,0
car_48061.png,0
car_22708.png,1
car_38706.png,0
car_4211.png,1
car_708.png,0
car_53540.png,0
car_25517.png,0
car_31148.png,0
car_42572.png,0
car_43128.png,0
car_64394.png,0
car_48727.png,0
car_4081.png,0
car_33709.png,0
car_47949.png,0
car_40989.png,0
car_2071.png,0
car_40444.png,0
car_54616.png,0
car_58236.png,0
car_38035.png,0
car_61648.png,0
car_64188.png,1
car_39839.png,0
car_8583.png,0
car_29109.png,1
car_16183.png,1
car_39299.png,0
car_19128.png,0
car_30575.png,0
car_59878.png,0
car_66815.png,0
car_11362.png,0
car_3555.png,1
car_27075.png,0
car_34746.png,0
car_19034.png,1
car_28283.png,0
car_731.png,0
car_56233.png,0
car_16124.png,1
car_12911.png,0
car_58253.png,1
car_36202.png,0
car_28285.png,0
car_58316.png,0
car_59809.png,0
car_7693.png,1
car_10538.png,1
car_4743.png,1
car_31532.png,0
car_61435.png,0
car_59561.png,0
car_39423.png,0
car_59501.png,0
car_48801.png,0
car_9295.png,1
car_27427.png,0
car_5226.png,0
car_46948.png,0
car_30042.png,0
car_35816.png,0
car_4202.png,0
car_13083.png,0
car_63909.png,1
car_57267.png,0
car_39461.png,0
car_40951.png,1
car_27587.png,1
car_616.png,0
car_41823.png,0
car_45489.png,0
car_6299.png,0
car_35969.png,0
car_62548.png,1
car_24735.png,0
car_66598.png,0
car_9097.png,0
car_17601.png,0
car_17622.png,0
car_9656.png,0
car_60282.png,0
car_53196.png,0
car_66526.png,1
car_54361.png,0
car_29403.png,0
car_14060.png,1
car_17888.png,0
car_11498.png,0
car_66390.png,1
car_46381.png,0
car_7383.png,0
car_715.png,1
car_58948.png,0
car_9652.png,0
car_15257.png,0
car_60474.png,0
car_39668.png,0
car_31325.png,0
car_57024.png,0
car_12986.png,1
car_57198.png,0
car_15951.png,0
car_44189.png,1
car_6894.png,0
car_18876.png,1
car_33261.png,0
car_61621.png,0
car_17157.png,1
car_37037.png,1
car_7095.png,0
car_56998.png,0
car_800.png,1
car_28419.png,0
car_64988.png,0
car_52912.png,0
car_62513.png,0
car_26055.png,0
car_40497.png,0
car_62707.png,0
car_28643.png,0
car_35880.png,0
car_41986.png,0
car_14184.png,1
car_59659.png,0
car_40727.png,0
car_63242.png,0
car_4717.png,1
car_39482.png,0
car_49147.png,0
car_25209.png,1
car_10375.png,1
car_29487.png,0
car_58872.png,0
car_62061.png,0
car_25911.png,0
car_39959.png,0
car_25233.png,1
car_61485.png,1
car_40003.png,0
car_28516.png,0
car_46239.png,1
car_4107.png,0
car_31227.png,0
car_6801.png,1
car_56630.png,1
car_12834.png,0
car_56397.png,0
car_60305.png,0
car_20096.png,0
car_63809.png,1
car_50784.png,0
car_7851.png,0
car_9038.png,0
car_9391.png,0
car_3064.png,1
car_55037.png,0
car_8627.png,1
car_66332.png,0
car_36907.png,1
car_34661.png,1
car_17554.png,0
car_41607.png,0
car_51543.png,0
car_3298.png,1
car_30273.png,0
car_27424.png,0
car_66777.png,1
car_46716.png,0
car_1484.png,1
car_51777.png,0
car_14541.png,1
car_26646.png,0
car_60035.png,0
car_47267.png,0
car_30329.png,0
car_9845.png,1
car_45502.png,0
car_53871.png,0
car_33363.png,1
car_54213.png,0
car_18483.png,0
car_62751.png,0
car_47658.png,0
car_14306.png,0
car_15547.png,0
car_38438.png,0
car_43978.png,0
car_61069.png,0
car_19568.png,0
car_40570.png,0
car_6608.png,1
car_13513.png,1
car_405.png,1
car_65377.png,0
car_24547.png,0
car_45352.png,0
car_61841.png,1
car_30369.png,1
car_55079.png,0
car_33364.png,1
car_17031.png,1
car_38463.png,0
car_24484.png,1
car_38686.png,0
car_61106.png,0
car_64122.png,0
car_35601.png,0
car_66000.png,1
car_47618.png,0
car_59163.png,1
car_55978.png,0
car_5326.png,1
car_45698.png,0
car_11942.png,0
car_3659.png,1
car_56308.png,0
car_44519.png,1
car_8128.png,1
car_11842.png,1
car_29479.png,0
car_59212.png,1
car_5021.png,0
car_15350.png,0
car_44604.png,0
car_62507.png,0
car_21396.png,1
car_17529.png,0
car_37735.png,0
car_1454.png,0
car_6841.png,0
car_3008.png,0
car_54804.png,0
car_8839.png,0
car_51611.png,0
car_5976.png,0
car_60859.png,0
car_37497.png,0
car_62780.png,0
car_18369.png,0
car_51188.png,0
car_29167.png,0
car_18733.png,0
car_18802.png,1
car_36464.png,1
car_58592.png,1
car_52013.png,0
car_64202.png,0
car_2084.png,0
car_441.png,1
car_23363.png,0
car_50136.png,1
car_9541.png,0
car_24987.png,0
car_54885.png,0
car_24207.png,1
car_46222.png,0
car_53117.png,1
car_7494.png,0
car_14240.png,0
car_46099.png,0
car_56772.png,0
car_28069.png,0
car_1592.png,0
car_13177.png,0
car_4937.png,1
car_9003.png,0
car_44158.png,0
car_46803.png,0
car_29569.png,1
car_25861.png,0
car_3573.png,0
car_57900.png,1
car_66712.png,1
car_50291.png,0
car_36076.png,0
car_24638.png,0
car_29813.png,0
car_44245.png,0
car_38498.png,0
car_23610.png,1
car_21354.png,0
car_63860.png,0
car_54556.png,0
car_66483.png,0
car_18942.png,0
car_26996.png,0
car_24476.png,1
car_3274.png,0
car_43099.png,0
car_54054.png,0
car_50229.png,0
car_26325.png,0
car_19047.png,0
car_46914.png,0
car_55541.png,0
car_47678.png,0
car_6177.png,0
car_66765.png,1
car_13125.png,1
car_28606.png,0
car_36209.png,0
car_49170.png,0
car_58209.png,1
car_27844.png,0
car_57752.png,0
car_39961.png,0
car_21434.png,0
car_6127.png,1
car_14672.png,1
car_3651.png,1
car_59063.png,0
car_47986.png,0
car_27201.png,0
car_60634.png,0
car_6144.png,0
car_4011.png,0
car_41848.png,0
car_23915.png,0
car_26373.png,0
car_20059.png,0
car_49846.png,0
car_60258.png,1
car_35942.png,0
car_44730.png,0
car_31584.png,0
car_60953.png,1
car_31926.png,0
car_35202.png,0
car_36397.png,0
car_14596.png,0
car_1834.png,0
car_47497.png,0
car_66830.png,1
car_58363.png,0
car_8311.png,1
car_26965.png,0
car_7199.png,0
car_16407.png,0
car_157.png,0
car_24229.png,0
car_19982.png,1
car_30468.png,1
car_13491.png,0
car_63238.png,0
car_4517.png,0
car_9026.png,0
car_14151.png,0
car_17324.png,0
car_64348.png,1
car_51301.png,0
car_7843.png,0
car_66745.png,0
car_46564.png,1
car_29802.png,0
car_56503.png,1
car_58676.png,0
car_60420.png,0
car_63367.png,1
car_55147.png,0
car_56140.png,0
car_42924.png,0
car_30754.png,0
car_52859.png,0
car_1436.png,0
car_33559.png,1
car_17193.png,1
car_6723.png,0
car_64991.png,1
car_37958.png,0
car_28326.png,0
car_46420.png,1
car_45028.png,0
car_61400.png,1
car_29087.png,0
car_7182.png,0
car_62528.png,0
car_7689.png,0
car_55137.png,0
car_22420.png,0
car_3257.png,0
car_28514.png,0
car_24092.png,1
car_63129.png,1
car_58681.png,0
car_60626.png,0
car_4836.png,0
car_63963.png,1
car_24637.png,1
car_33247.png,1
car_12945.png,0
car_39433.png,0
car_50724.png,0
car_32877.png,0
car_5064.png,0
car_26858.png,0
car_61787.png,1
car_57951.png,1
car_24045.png,0
car_33401.png,0
car_56938.png,1
car_28136.png,0
car_7271.png,0
car_63426.png,0
car_32546.png,0
car_48445.png,0
car_56116.png,0
car_39179.png,0
car_61992.png,1
car_50613.png,1
car_21455.png,1
car_52919.png,0
car_4388.png,0
car_14844.png,1
car_6883.png,0
car_38293.png,0
car_63438.png,1
car_47375.png,0
car_17144.png,1
car_36788.png,0
car_23697.png,1
car_364.png,0
car_18466.png,0
car_19087.png,1
car_41287.png,0
car_31183.png,0
car_37138.png,0
car_48888.png,0
car_21511.png,0
car_57173.png,1
car_41253.png,0
car_63898.png,0
car_20468.png,1
car_35657.png,0
car_40994.png,1
car_3997.png,1
car_42937.png,0
car_35500.png,0
car_41929.png,0
car_45643.png,0
car_1902.png,0
car_41643.png,0
car_37109.png,0
car_3061.png,1
car_46084.png,0
car_4732.png,1
car_65232.png,0
car_57134.png,0
car_25.png,0
car_49316.png,0
car_54335.png,0
car_11496.png,0
car_48961.png,0
car_42643.png,0
car_35538.png,0
car_46597.png,1
car_18509.png,1
car_35466.png,0
car_45297.png,0
car_52927.png,1
car_62934.png,0
car_55122.png,0
car_10611.png,1
car_36668.png,0
car_57703.png,0
car_39055.png,0
car_3510.png,1
car_6814.png,0
car_43769.png,0
car_54840.png,0
car_48178.png,0
car_3829.png,0
car_5099.png,0
car_28224.png,0
car_9501.png,0
car_34447.png,0
car_26110.png,0
car_443.png,0
car_10623.png,0
car_66367.png,1
car_15592.png,1
car_51586.png,0
car_32064.png,0
car_5036.png,0
car_13493.png,0
car_14577.png,0
car_3196.png,0
car_46812.png,0
car_57115.png,0
car_59334.png,0
car_4677.png,1
car_8139.png,1
car_53865.png,0
car_24265.png,0
car_48647.png,0
car_774.png,0
car_12178.png,0
car_22058.png,0
car_65505.png,0
car_10500.png,0
car_54031.png,0
car_46856.png,0
car_2351.png,1
car_63317.png,1
car_25957.png,0
car_47721.png,0
car_28836.png,0
car_52974.png,0
car_13430.png,0
car_66209.png,0
car_47713.png,0
car_48479.png,0
car_66327.png,0
car_41237.png,0
car_22111.png,0
car_7398.png,0
car_12995.png,1
car_65649.png,1
car_25588.png,1
car_60575.png,0
car_64092.png,0
car_225.png,0
car_66449.png,1
car_57205.png,0
car_56423.png,0
car_60144.png,0
car_7112.png,0
car_63538.png,0
car_21923.png,0
car_1952.png,0
car_66411.png,0
car_8678.png,0
car_64456.png,1
car_39914.png,0
car_51892.png,0
car_65751.png,1
car_33707.png,0
car_10401.png,0
car_23724.png,0
car_65124.png,1
car_18692.png,1
car_26430.png,0
car_53632.png,0
car_2556.png,1
car_59662.png,0
car_50053.png,1
car_46078.png,0
car_56518.png,0
car_60519.png,0
car_2768.png,1
car_4129.png,0
car_51027.png,0
car_59808.png,1
car_7459.png,0
car_48070.png,0
car_5628.png,0
car_25222.png,0
car_34618.png,1
car_20136.png,0
car_61607.png,0
car_14902.png,0
car_6543.png,1
car_28329.png,0
car_51544.png,0
car_34466.png,1
car_5233.png,1
car_40873.png,0
car_26979.png,0
car_13703.png,0
car_53771.png,0
car_49612.png,0
car_56796.png,0
car_7758.png,0
car_17127.png,0
car_48784.png,0
car_23979.png,0
car_16096.png,0
car_4963.png,1
car_13853.png,1
car_56861.png,1
car_41639.png,0
car_766.png,0
car_28789.png,0
car_17131.png,1
car_53826.png,0
car_13390.png,1
car_50945.png,0
car_75.png,1
car_52373.png,0
car_35741.png,0
car_114.png,0
car_7519.png,1
car_46166.png,0
car_11423.png,0
car_66363.png,0
car_1831.png,0
car_21929.png,0
car_50865.png,0
car_28718.png,0
car_31361.png,0
car_43164.png,0
car_36153.png,0
car_18758.png,0
car_707.png,0
car_14918.png,1
car_11939.png,1
car_3720.png,0
car_61528.png,1
car_8049.png,0
car_46726.png,0
car_64116.png,0
car_13652.png,1
car_56954.png,0
car_10178.png,1
car_66153.png,0
car_8409.png,1
car_26170.png,0
car_39490.png,0
car_13754.png,0
car_38422.png,0
car_18988.png,0
car_9903.png,0
car_10572.png,1
car_50924.png,0
car_23518.png,0
car_13774.png,0
car_3991.png,1
car_43925.png,0
car_24288.png,0
car_24254.png,1
car_57750.png,0
car_39457.png,0
car_65188.png,0
car_24374.png,1
car_35619.png,0
car_55678.png,0
car_39225.png,0
car_16442.png,0
car_43997.png,0
car_5986.png,1
car_39271.png,0
car_3771.png,0
car_854.png,1
car_61132.png,1
car_62592.png,0
car_2181.png,1
car_52827.png,0
car_57055.png,0
car_38225.png,0
car_2650.png,0
car_43995.png,0
car_8210.png,1
car_43136.png,0
car_63145.png,0
car_11350.png,0
car_20839.png,0
car_63414.png,0
car_42777.png,0
car_55046.png,0
car_4163.png,0
car_7316.png,0
car_26877.png,0
car_4501.png,1
car_19804.png,1
car_53770.png,0
car_25389.png,1
car_35667.png,0
car_29980.png,1
car_2613.png,0
car_39826.png,0
car_17713.png,1
car_46481.png,0
car_7013.png,0
car_3052.png,1
car_46243.png,0
car_881.png,1
car_43312.png,0
car_21372.png,0
car_7110.png,0
car_23073.png,1
car_26456.png,0
car_59609.png,0
car_27425.png,0
car_41282.png,0
car_60517.png,0
car_10846.png,0
car_39702.png,0
car_27014.png,0
car_14590.png,0
car_64885.png,0
car_7628.png,0
car_16084.png,0
car_36974.png,0
car_27888.png,1
car_48661.png,0
car_55475.png,0
car_4623.png,0
car_46570.png,0
car_30243.png,0
car_51452.png,0
car_33001.png,0
car_44244.png,1
car_65818.png,0
car_26496.png,1
car_48770.png,0
car_33109.png,0
car_28102.png,1
car_40340.png,0
car_42394.png,0
car_57387.png,0
car_62813.png,0
car_6813.png,1
car_47866.png,0
car_41540.png,0
car_32409.png,1
car_8880.png,0
car_65630.png,0
car_15500.png,0
car_9661.png,0
car_13284.png,0
car_65273.png,0
car_36437.png,0
car_3641.png,1
car_53783.png,0
car_52585.png,1
car_45599.png,0
car_5745.png,0
car_35890.png,0
car_62132.png,0
car_49195.png,0
car_61927.png,1
car_65163.png,1
car_5328.png,1
car_46060.png,0
car_29925.png,0
car_62437.png,0
car_15209.png,0
car_10097.png,0
car_29801.png,0
car_25870.png,1
car_59635.png,0
car_61473.png,1
car_44325.png,1
car_40185.png,0
car_8699.png,0
car_44428.png,0
car_33635.png,0
car_36367.png,0
car_65857.png,0
car_10008.png,1
car_27918.png,0
car_2994.png,0
car_46463.png,0
car_42917.png,0
car_64564.png,0
car_30667.png,0
car_13701.png,0
car_3478.png,1
car_24457.png,0
car_52100.png,0
car_23715.png,1
car_59814.png,0
car_65281.png,1
car_43106.png,0
car_24066.png,0
car_4415.png,0
car_63549.png,1
car_3849.png,0
car_54669.png,0
car_52072.png,0
car_61887.png,0
car_46732.png,0
car_23735.png,0
car_22456.png,0
car_55530.png,0
car_33918.png,1
car_63507.png,0
car_32114.png,0
car_51661.png,0
car_51593.png,0
car_27090.png,0
car_38311.png,0
car_61979.png,1
car_31056.png,0
car_64806.png,0
car_48924.png,0
car_50831.png,1
car_18843.png,1
car_40942.png,0
car_61459.png,1
car_2164.png,1
car_8500.png,1
car_23224.png,1
car_16499.png,1
car_26896.png,0
car_42482.png,0
car_1788.png,1
car_5257.png,0
car_27208.png,0
car_41584.png,0
car_63475.png,0
car_62135.png,0
car_65204.png,0
car_1907.png,0
car_53955.png,0
car_9520.png,0
car_58324.png,1
car_10830.png,0
car_63197.png,1
car_904.png,1
car_60084.png,0
car_38647.png,0
car_59732.png,0
car_64243.png,0
car_64578.png,1
car_54097.png,0
car_43424.png,0
car_1978.png,1
car_40504.png,1
car_18009.png,0
car_6796.png,0
car_57493.png,1
car_310.png,1
car_65758.png,1
car_46508.png,0
car_24797.png,1
car_22469.png,0
car_428.png,0
car_33334.png,0
car_44994.png,0
car_62574.png,0
car_56214.png,0
car_59633.png,1
car_62678.png,0
car_46254.png,0
car_10317.png,1
car_169.png,0
car_28696.png,0
car_20879.png,0
car_58702.png,0
car_12761.png,0
car_31018.png,0
car_49618.png,0
car_57869.png,1
car_23181.png,0
car_28051.png,0
car_63412.png,0
car_61334.png,0
car_29519.png,1
car_66760.png,1
car_24170.png,0
car_48109.png,0
car_24578.png,0
car_28666.png,0
car_63724.png,0
car_53300.png,0
car_31975.png,0
car_58725.png,0
car_38332.png,0
car_66494.png,0
car_56534.png,0
car_65522.png,0
car_5265.png,1
car_36571.png,0
car_32918.png,0
car_8405.png,0
car_30381.png,0
car_50249.png,0
car_23234.png,0
car_18400.png,0
car_46278.png,1
car_66762.png,0
car_13714.png,0
car_49887.png,0
car_65409.png,0
car_8377.png,1
car_2765.png,0
car_5618.png,0
car_8638.png,0
car_14480.png,0
car_58376.png,0
car_23761.png,0
car_18714.png,0
car_8514.png,0
car_18859.png,0
car_6352.png,0
car_57977.png,0
car_30388.png,1
car_63392.png,0
car_48986.png,1
car_51652.png,0
car_39938.png,0
car_36305.png,0
car_61126.png,0
car_34841.png,0
car_61208.png,0
car_24380.png,0
car_43089.png,0
car_4965.png,0
car_64689.png,0
car_8320.png,0
car_28537.png,0
car_63196.png,0
car_21087.png,0
car_23411.png,1
car_31757.png,0
car_33303.png,1
car_15510.png,0
car_48992.png,1
car_26069.png,0
car_7538.png,1
car_23758.png,0
car_7972.png,0
car_24418.png,1
car_52328.png,0
car_23026.png,0
car_64330.png,1
car_49700.png,0
car_20399.png,1
car_50121.png,0
car_25937.png,0
car_47133.png,0
car_40097.png,0
car_28152.png,0
car_14248.png,0
car_21218.png,0
car_7797.png,0
car_7589.png,0
car_57915.png,0
car_7761.png,0
car_64011.png,0
car_38766.png,0
car_58677.png,0
car_42904.png,0
car_28636.png,0
car_16302.png,0
car_39511.png,0
car_13898.png,1
car_50123.png,0
car_59489.png,0
car_12198.png,0
car_14538.png,0
car_11359.png,1
car_1741.png,0
car_8002.png,0
car_36393.png,0
car_49642.png,0
car_61398.png,0
car_23161.png,1
car_15361.png,0
car_38239.png,0
car_38414.png,0
car_48106.png,0
car_54461.png,0
car_51703.png,0
car_21223.png,0
car_33825.png,0
car_49788.png,0
car_36088.png,0
car_40696.png,0
car_38719.png,0
car_17254.png,0
car_7624.png,0
car_52634.png,1
car_28420.png,0
car_8092.png,0
car_12721.png,0
car_62673.png,1
car_43407.png,0
car_10033.png,0
car_51607.png,0
car_62631.png,0
car_46219.png,0
car_57519.png,0
car_823.png,1
car_60053.png,0
car_30860.png,0
car_4291.png,0
car_58743.png,0
car_62126.png,0
car_22414.png,0
car_18513.png,0
car_10893.png,0
car_42075.png,0
car_42804.png,0
car_29381.png,1
car_7357.png,0
car_57537.png,0
car_46468.png,0
car_15734.png,1
car_3592.png,1
car_18298.png,1
car_32915.png,0
car_5142.png,0
car_29189.png,0
car_25944.png,0
car_50447.png,0
car_16581.png,0
car_33540.png,0
car_50467.png,1
car_31385.png,0
car_44382.png,0
car_57028.png,0
car_735.png,0
car_64880.png,1
car_28022.png,0
car_20031.png,0
car_61706.png,1
car_59508.png,1
car_29389.png,0
car_31564.png,0
car_26699.png,0
car_22451.png,0
car_53790.png,0
car_46428.png,0
car_4647.png,0
car_64207.png,0
car_5152.png,0
car_29854.png,0
car_32469.png,0
car_65416.png,0
car_33649.png,0
car_43090.png,0
car_58449.png,0
car_7306.png,0
car_13010.png,1
car_65454.png,0
car_11406.png,0
car_37206.png,1
car_53964.png,0
car_23314.png,0
car_3453.png,1
car_22338.png,0
car_16239.png,1
car_6755.png,0
car_15731.png,0
car_60357.png,1
car_4863.png,0
car_9298.png,1
car_41628.png,0
car_24929.png,1
car_11854.png,0
car_9077.png,0
car_39362.png,0
car_22200.png,1
car_33009.png,1
car_39406.png,0
car_55802.png,1
car_5857.png,1
car_12607.png,0
car_15091.png,0
car_60923.png,0
car_22730.png,1
car_66039.png,1
car_43266.png,0
car_15164.png,1
car_46429.png,0
car_21446.png,0
car_50019.png,1
car_19855.png,0
car_1792.png,1
car_10433.png,0
car_2389.png,1
car_9672.png,0
car_29998.png,1
car_20772.png,1
car_23779.png,0
car_818.png,1
car_45406.png,0
car_47601.png,0
car_41873.png,0
car_40842.png,1
car_56201.png,0
car_66137.png,0
car_33071.png,1
car_65523.png,0
car_14593.png,0
car_43153.png,0
car_6283.png,0
car_9300.png,1
car_51639.png,0
car_23833.png,1
car_42931.png,0
car_41624.png,0
car_146.png,0
car_21972.png,0
car_66841.png,0
car_8282.png,0
car_53303.png,0
car_41029.png,0
car_52022.png,0
car_66230.png,0
car_14103.png,0
car_22445.png,0
car_25616.png,0
car_11744.png,0
car_42998.png,0
car_16638.png,1
car_36741.png,0
car_58297.png,1
car_51566.png,0
car_20326.png,0
car_64508.png,0
car_36533.png,1
car_65706.png,0
car_54273.png,0
car_9141.png,0
car_21443.png,1
car_64743.png,0
car_57780.png,0
car_50571.png,0
car_6640.png,1
car_43765.png,0
car_37196.png,0
car_22828.png,1
car_21980.png,1
car_44349.png,0
car_19257.png,0
car_23062.png,0
car_49875.png,0
car_56016.png,0
car_34459.png,0
car_5319.png,1
car_31563.png,0
car_2368.png,1
car_2230.png,0
car_54875.png,0
car_41686.png,0
car_56109.png,0
car_26993.png,0
car_36685.png,0
car_60311.png,0
car_331.png,0
car_51696.png,0
car_6820.png,1
car_55359.png,0
car_11132.png,0
car_31067.png,0
car_43108.png,0
car_60548.png,0
car_53432.png,0
car_27661.png,1
car_50132.png,0
car_50483.png,0
car_40478.png,0
car_1524.png,1
car_42964.png,0
car_24566.png,0
car_22366.png,0
car_54868.png,0
car_6004.png,1
car_20158.png,0
car_38108.png,0
car_19404.png,0
car_767.png,0
car_11361.png,1
car_28313.png,0
car_56485.png,0
car_33128.png,0
car_20665.png,0
car_4540.png,0
car_23680.png,0
car_44749.png,0
car_33268.png,0
car_64193.png,0
car_16991.png,0
car_61403.png,0
car_24079.png,0
car_8604.png,1
car_8866.png,0
car_31166.png,0
car_57014.png,0
car_33395.png,1
car_48036.png,0
car_49086.png,0
